x_m,y_m
0.0,0.0
0.1,0.0
0.2,0.0
0.30000000000000004,0.0
0.4,0.0
0.5,0.0
0.6000000000000001,0.0
0.7000000000000001,0.0
0.8,0.0
0.8999999999999999,0.0
1.0,0.0
1.1,0.0
1.2000000000000002,0.0
1.3,0.0
1.4000000000000001,0.0
1.5,0.0
1.6,0.0
1.7000000000000002,0.0
1.7999999999999998,0.0
1.9,0.0
2.0,0.0
2.1,0.0
2.2,0.0
2.3000000000000003,0.0
2.4000000000000004,0.0
2.5,0.0
2.6,0.0
2.7,0.0
2.8000000000000003,0.0
2.9000000000000004,0.0
3.0,0.0
3.1,0.0
3.2,0.0
3.3000000000000003,0.0
3.4000000000000004,0.0
3.5,0.0
3.5999999999999996,0.0
3.7,0.0
3.8,0.0
3.9000000000000004,0.0
4.0,0.0
4.1000000000000005,0.0
4.2,0.0
4.3,0.0
4.4,0.0
4.5,0.0
4.6000000000000005,0.0
4.7,0.0
4.800000000000001,0.0
4.9,0.0
5.0,0.0
5.1,0.0
5.2,0.0
5.3,0.0
5.4,0.0
5.5,0.0
5.6,0.0
5.7,0.0
5.8,0.0
5.9,0.0
6.0,0.0
6.1,0.0
6.2,0.0
6.3,0.0
6.4,0.0
6.5,0.0
6.6,0.0
6.7,0.0
6.8,0.0
6.9,0.0
7.0,0.0
7.1,0.0
7.2,0.0
7.300000000000001,0.0
7.4,0.0
7.5,0.0
7.6,0.0
7.7,0.0
7.800000000000001,0.0
7.9,0.0
8.0,0.0
8.1,0.0
8.2,0.0
8.3,0.0
8.4,0.0
8.5,0.0
8.6,0.0
8.7,0.0
8.8,0.0
8.9,0.0
9.0,0.0
9.100000000000001,0.0
9.2,0.0
9.3,0.0
9.4,0.0
9.5,0.0
9.600000000000001,0.0
9.7,0.0
9.8,0.0
9.9,0.0
10.0,0.0
10.1,0.0
10.2,0.0
10.3,0.0
10.4,0.0
10.5,0.0
10.6,0.0
10.7,0.0
10.8,0.0
10.9,0.0
11.0,0.0
11.1,0.0
11.2,0.0
11.3,0.0
11.4,0.0
11.5,0.0
11.6,0.0
11.7,0.0
11.8,0.0
11.9,0.0
12.0,0.0
12.1,0.0
12.2,0.0
12.3,0.0
12.4,0.0
12.5,0.0
12.6,0.0
12.7,0.0
12.8,0.0
12.9,0.0
13.0,0.0
13.1,0.0
13.2,0.0
13.3,0.0
13.4,0.0
13.5,0.0
13.6,0.0
13.7,0.0
13.8,0.0
13.9,0.0
14.0,0.0
14.100000000000001,0.0
14.2,0.0
14.3,0.0
14.4,0.0
14.5,0.0
14.600000000000001,0.0
14.7,0.0
14.8,0.0
14.9,0.0
15.0,0.0
15.1,0.0
15.2,0.0
15.3,0.0
15.4,0.0
15.5,0.0
15.6,0.0
15.7,0.0
15.8,0.0
15.9,0.0
16.0,0.0
16.1,0.0
16.2,0.0
16.3,0.0
16.4,0.0
16.5,0.0
16.6,0.0
16.7,0.0
16.8,0.0
16.9,0.0
17.0,0.0
17.1,0.0
17.2,0.0
17.3,0.0
17.4,0.0
17.5,0.0
17.6,0.0
17.7,0.0
17.8,0.0
17.9,0.0
18.0,0.0
18.1,0.0
18.2,0.0
18.3,0.0
18.4,0.0
18.5,0.0
18.6,0.0
18.7,0.0
18.8,0.0
18.9,0.0
19.0,0.0
19.1,0.0
19.2,0.0
19.3,0.0
19.4,0.0
19.5,0.0
19.6,0.0
19.7,0.0
19.8,0.0
19.9,0.0
20.0,0.0
20.1,0.0
20.2,0.0
20.3,0.0
20.4,0.0
20.5,0.0
20.6,0.0
20.7,0.0
20.8,0.0
20.9,0.0
21.0,0.0
21.1,0.0
21.2,0.0
21.3,0.0
21.4,0.0
21.5,0.0
21.6,0.0
21.7,0.0
21.8,0.0
21.9,0.0
22.0,0.0
22.1,0.0
22.2,0.0
22.3,0.0
22.4,0.0
22.5,0.0
22.6,0.0
22.7,0.0
22.8,0.0
22.9,0.0
23.0,0.0
23.1,0.0
23.2,0.0
23.3,0.0
23.4,0.0
23.5,0.0
23.6,0.0
23.7,0.0
23.8,0.0
23.9,0.0
24.0,0.0
24.1,0.0
24.2,0.0
24.3,0.0
24.4,0.0
24.5,0.0
24.6,0.0
24.7,0.0
24.8,0.0
24.9,0.0
25.0,0.0
25.1,0.0
25.2,0.0
25.3,0.0
25.4,0.0
25.5,0.0
25.6,0.0
25.7,0.0
25.8,0.0
25.9,0.0
26.0,0.0
26.1,0.0
26.2,0.0
26.3,0.0
26.4,0.0
26.5,0.0
26.6,0.0
26.7,0.0
26.8,0.0
26.9,0.0
27.0,0.0
27.1,0.0
27.2,0.0
27.3,0.0
27.4,0.0
27.5,0.0
27.6,0.0
27.7,0.0
27.8,0.0
27.9,0.0
28.0,0.0
28.1,0.0
28.2,0.0
28.3,0.0
28.4,0.0
28.5,0.0
28.6,0.0
28.7,0.0
28.8,0.0
28.9,0.0
29.0,0.0
29.1,0.0
29.2,0.0
29.3,0.0
29.4,0.0
29.5,0.0
29.6,0.0
29.7,0.0
29.8,0.0
29.9,0.0
30.0,0.0
30.1,0.0
30.2,0.0
30.3,0.0
30.4,0.0
30.5,0.0
30.6,0.0
30.7,0.0
30.8,0.0
30.9,0.0
31.0,0.0
31.1,0.0
31.2,0.0
31.3,0.0
31.4,0.0
31.5,0.0
31.6,0.0
31.7,0.0
31.8,0.0
31.9,0.0
32.0,0.0
32.1,0.0
32.2,0.0
32.3,0.0
32.4,0.0
32.5,0.0
32.6,0.0
32.7,0.0
32.8,0.0
32.9,0.0
33.0,0.0
33.1,0.0
33.2,0.0
33.3,0.0
33.4,0.0
33.5,0.0
33.6,0.0
33.7,0.0
33.8,0.0
33.9,0.0
34.0,0.0
34.1,0.0
34.2,0.0
34.3,0.0
34.4,0.0
34.5,0.0
34.6,0.0
34.7,0.0
34.8,0.0
34.9,0.0
35.0,0.0
35.1,0.0
35.2,0.0
35.3,0.0
35.4,0.0
35.5,0.0
35.6,0.0
35.7,0.0
35.8,0.0
35.9,0.0
36.0,0.0
36.1,0.0
36.2,0.0
36.3,0.0
36.4,0.0
36.5,0.0
36.6,0.0
36.7,0.0
36.8,0.0
36.9,0.0
37.0,0.0
37.1,0.0
37.2,0.0
37.3,0.0
37.4,0.0
37.5,0.0
37.6,0.0
37.7,0.0
37.8,0.0
37.9,0.0
38.0,0.0
38.1,0.0
38.2,0.0
38.3,0.0
38.4,0.0
38.5,0.0
38.6,0.0
38.7,0.0
38.8,0.0
38.9,0.0
39.0,0.0
39.1,0.0
39.2,0.0
39.3,0.0
39.4,0.0
39.5,0.0
39.6,0.0
39.7,0.0
39.8,0.0
39.9,0.0
40.0,0.0
40.1,0.0
40.2,0.0
40.3,0.0
40.4,0.0
40.5,0.0
40.6,0.0
40.7,0.0
40.8,0.0
40.9,0.0
41.0,0.0
41.1,0.0
41.2,0.0
41.3,0.0
41.4,0.0
41.5,0.0
41.6,0.0
41.7,0.0
41.8,0.0
41.9,0.0
42.0,0.0
42.1,0.0
42.2,0.0
42.3,0.0
42.4,0.0
42.5,0.0
42.6,0.0
42.7,0.0
42.8,0.0
42.9,0.0
43.0,0.0
43.1,0.0
43.2,0.0
43.3,0.0
43.4,0.0
43.5,0.0
43.6,0.0
43.7,0.0
43.8,0.0
43.9,0.0
44.0,0.0
44.1,0.0
44.2,0.0
44.3,0.0
44.4,0.0
44.5,0.0
44.6,0.0
44.7,0.0
44.8,0.0
44.9,0.0
45.0,0.0
45.1,0.0
45.2,0.0
45.3,0.0
45.4,0.0
45.5,0.0
45.6,0.0
45.7,0.0
45.8,0.0
45.9,0.0
46.0,0.0
46.1,0.0
46.2,0.0
46.3,0.0
46.4,0.0
46.5,0.0
46.6,0.0
46.7,0.0
46.8,0.0
46.9,0.0
47.0,0.0
47.1,0.0
47.2,0.0
47.3,0.0
47.4,0.0
47.5,0.0
47.6,0.0
47.7,0.0
47.8,0.0
47.9,0.0
48.0,0.0
48.1,0.0
48.2,0.0
48.3,0.0
48.4,0.0
48.5,0.0
48.6,0.0
48.7,0.0
48.8,0.0
48.9,0.0
49.0,0.0
49.1,0.0
49.2,0.0
49.3,0.0
49.4,0.0
49.5,0.0
49.6,0.0
49.7,0.0
49.8,0.0
49.9,0.0
50.0,0.0
50.1,0.0
50.2,0.0
50.3,0.0
50.4,0.0
50.5,0.0
50.6,0.0
50.7,0.0
50.8,0.0
50.9,0.0
51.0,0.0
51.1,0.0
51.2,0.0
51.3,0.0
51.4,0.0
51.5,0.0
51.6,0.0
51.7,0.0
51.8,0.0
51.9,0.0
52.0,0.0
52.1,0.0
52.2,0.0
52.3,0.0
52.4,0.0
52.5,0.0
52.6,0.0
52.7,0.0
52.8,0.0
52.9,0.0
53.0,0.0
53.1,0.0
53.2,0.0
53.3,0.0
53.4,0.0
53.5,0.0
53.6,0.0
53.7,0.0
53.8,0.0
53.9,0.0
54.0,0.0
54.1,0.0
54.2,0.0
54.3,0.0
54.4,0.0
54.5,0.0
54.6,0.0
54.7,0.0
54.8,0.0
54.9,0.0
55.0,0.0
55.0,0.1
55.0,0.2
55.0,0.30000000000000004
55.0,0.4
55.0,0.5
55.0,0.6000000000000001
55.0,0.7000000000000001
55.0,0.8
55.0,0.9000000000000001
55.0,1.0
55.0,1.1
55.0,1.2000000000000002
55.0,1.2999999999999998
55.0,1.4000000000000001
55.0,1.5
55.0,1.6
55.0,1.7000000000000002
55.0,1.8000000000000003
55.0,1.9000000000000001
55.0,2.0
55.0,2.1
55.0,2.2
55.0,2.3000000000000003
55.0,2.4000000000000004
55.0,2.5
55.0,2.5999999999999996
55.0,2.7
55.0,2.8000000000000003
55.0,2.900000000000001
55.0,3.0
55.0,3.1
55.0,3.2
55.0,3.3000000000000003
55.0,3.4000000000000004
55.0,3.5
55.0,3.6000000000000005
55.0,3.7
55.0,3.8000000000000003
55.0,3.9000000000000004
55.0,4.0
55.0,4.1000000000000005
55.0,4.2
55.0,4.3
55.0,4.4
55.0,4.5
55.0,4.6000000000000005
55.0,4.615384615384615
55.0,4.715384615384615
55.0,4.815384615384615
55.0,4.915384615384615
55.0,5.015384615384615
55.0,5.115384615384615
55.0,5.215384615384615
55.0,5.315384615384615
55.0,5.415384615384615
55.0,5.515384615384615
55.0,5.615384615384615
55.0,5.715384615384615
55.0,5.815384615384615
55.0,5.915384615384615
55.0,6.015384615384615
55.0,6.115384615384615
55.0,6.215384615384615
55.0,6.315384615384615
55.0,6.415384615384616
55.0,6.515384615384615
55.0,6.615384615384615
55.0,6.715384615384615
55.0,6.815384615384615
55.0,6.915384615384616
55.0,7.015384615384615
55.0,7.115384615384615
55.0,7.215384615384615
55.0,7.315384615384615
55.0,7.415384615384616
55.0,7.515384615384615
55.0,7.615384615384615
55.0,7.715384615384615
55.0,7.815384615384615
55.0,7.915384615384616
55.0,8.015384615384615
55.0,8.115384615384615
55.0,8.215384615384615
55.0,8.315384615384616
55.0,8.415384615384616
55.0,8.515384615384615
55.0,8.615384615384615
55.0,8.715384615384615
55.0,8.815384615384616
55.0,8.915384615384614
55.0,9.015384615384615
55.0,9.115384615384615
55.0,9.215384615384615
55.0,9.23076923076923
55.0,9.33076923076923
55.0,9.43076923076923
55.0,9.53076923076923
55.0,9.63076923076923
55.0,9.73076923076923
55.0,9.83076923076923
55.0,9.93076923076923
55.0,10.03076923076923
55.0,10.13076923076923
55.0,10.23076923076923
55.0,10.33076923076923
55.0,10.43076923076923
55.0,10.53076923076923
55.0,10.63076923076923
55.0,10.73076923076923
55.0,10.83076923076923
55.0,10.93076923076923
55.0,11.03076923076923
55.0,11.13076923076923
55.0,11.23076923076923
55.0,11.33076923076923
55.0,11.43076923076923
55.0,11.53076923076923
55.0,11.63076923076923
55.0,11.73076923076923
55.0,11.83076923076923
55.0,11.93076923076923
55.0,12.03076923076923
55.0,12.13076923076923
55.0,12.23076923076923
55.0,12.33076923076923
55.0,12.43076923076923
55.0,12.53076923076923
55.0,12.63076923076923
55.0,12.73076923076923
55.0,12.830769230769231
55.0,12.93076923076923
55.0,13.03076923076923
55.0,13.13076923076923
55.0,13.23076923076923
55.0,13.330769230769231
55.0,13.43076923076923
55.0,13.53076923076923
55.0,13.63076923076923
55.0,13.73076923076923
55.0,13.830769230769231
55.0,13.846153846153845
55.0,13.946153846153845
55.0,14.046153846153844
55.0,14.146153846153846
55.0,14.246153846153845
55.0,14.346153846153845
55.0,14.446153846153845
55.0,14.546153846153844
55.0,14.646153846153846
55.0,14.746153846153845
55.0,14.846153846153845
55.0,14.946153846153845
55.0,15.046153846153846
55.0,15.146153846153844
55.0,15.246153846153845
55.0,15.346153846153845
55.0,15.446153846153845
55.0,15.546153846153846
55.0,15.646153846153846
55.0,15.746153846153845
55.0,15.846153846153845
55.0,15.946153846153845
55.0,16.046153846153846
55.0,16.146153846153844
55.0,16.246153846153845
55.0,16.346153846153847
55.0,16.446153846153845
55.0,16.546153846153846
55.0,16.646153846153844
55.0,16.746153846153845
55.0,16.846153846153847
55.0,16.946153846153845
55.0,17.046153846153846
55.0,17.146153846153844
55.0,17.246153846153845
55.0,17.346153846153847
55.0,17.446153846153845
55.0,17.546153846153846
55.0,17.646153846153844
55.0,17.746153846153845
55.0,17.846153846153847
55.0,17.946153846153845
55.0,18.046153846153846
55.0,18.146153846153844
55.0,18.246153846153845
55.0,18.346153846153847
55.0,18.446153846153845
55.0,18.46153846153846
55.0,18.56153846153846
55.0,18.66153846153846
55.0,18.76153846153846
55.0,18.86153846153846
55.0,18.96153846153846
55.0,19.06153846153846
55.0,19.16153846153846
55.0,19.26153846153846
55.0,19.36153846153846
55.0,19.46153846153846
55.0,19.56153846153846
55.0,19.66153846153846
55.0,19.76153846153846
55.0,19.86153846153846
55.0,19.96153846153846
55.0,20.06153846153846
55.0,20.16153846153846
55.0,20.26153846153846
55.0,20.36153846153846
55.0,20.46153846153846
55.0,20.56153846153846
55.0,20.66153846153846
55.0,20.76153846153846
55.0,20.86153846153846
55.0,20.96153846153846
55.0,21.06153846153846
55.0,21.16153846153846
55.0,21.26153846153846
55.0,21.36153846153846
55.0,21.46153846153846
55.0,21.56153846153846
55.0,21.66153846153846
55.0,21.76153846153846
55.0,21.86153846153846
55.0,21.96153846153846
55.0,22.06153846153846
55.0,22.16153846153846
55.0,22.26153846153846
55.0,22.361538461538462
55.0,22.46153846153846
55.0,22.56153846153846
55.0,22.66153846153846
55.0,22.76153846153846
55.0,22.86153846153846
55.0,22.96153846153846
55.0,23.06153846153846
55.0,23.076923076923073
54.9,23.076923076923073
54.8,23.076923076923073
54.7,23.076923076923073
54.6,23.076923076923073
54.5,23.076923076923073
54.4,23.076923076923073
54.3,23.076923076923073
54.2,23.076923076923073
54.1,23.076923076923073
54.0,23.076923076923073
53.9,23.076923076923073
53.8,23.076923076923073
53.7,23.076923076923073
53.6,23.076923076923073
53.5,23.076923076923073
53.4,23.076923076923073
53.3,23.076923076923073
53.2,23.076923076923073
53.1,23.076923076923073
53.0,23.076923076923073
52.9,23.076923076923073
52.8,23.076923076923073
52.7,23.076923076923073
52.6,23.076923076923073
52.5,23.076923076923073
52.4,23.076923076923073
52.3,23.076923076923073
52.2,23.076923076923073
52.1,23.076923076923073
52.0,23.076923076923073
51.9,23.076923076923073
51.8,23.076923076923073
51.7,23.076923076923073
51.6,23.076923076923073
51.5,23.076923076923073
51.4,23.076923076923073
51.3,23.076923076923073
51.2,23.076923076923073
51.1,23.076923076923073
51.0,23.076923076923073
50.9,23.076923076923073
50.8,23.076923076923073
50.7,23.076923076923073
50.6,23.076923076923073
50.5,23.076923076923073
50.4,23.076923076923073
50.3,23.076923076923073
50.2,23.076923076923073
50.1,23.076923076923073
50.0,23.076923076923073
49.9,23.076923076923073
49.8,23.076923076923073
49.7,23.076923076923073
49.6,23.076923076923073
49.5,23.076923076923073
49.4,23.076923076923073
49.3,23.076923076923073
49.2,23.076923076923073
49.1,23.076923076923073
49.0,23.076923076923073
48.9,23.076923076923073
48.8,23.076923076923073
48.7,23.076923076923073
48.6,23.076923076923073
48.5,23.076923076923073
48.4,23.076923076923073
48.3,23.076923076923073
48.2,23.076923076923073
48.1,23.076923076923073
48.0,23.076923076923073
47.9,23.076923076923073
47.8,23.076923076923073
47.7,23.076923076923073
47.6,23.076923076923073
47.5,23.076923076923073
47.4,23.076923076923073
47.3,23.076923076923073
47.2,23.076923076923073
47.1,23.076923076923073
47.0,23.076923076923073
46.9,23.076923076923073
46.8,23.076923076923073
46.7,23.076923076923073
46.6,23.076923076923073
46.5,23.076923076923073
46.4,23.076923076923073
46.3,23.076923076923073
46.2,23.076923076923073
46.1,23.076923076923073
46.0,23.076923076923073
45.9,23.076923076923073
45.8,23.076923076923073
45.7,23.076923076923073
45.6,23.076923076923073
45.5,23.076923076923073
45.4,23.076923076923073
45.3,23.076923076923073
45.2,23.076923076923073
45.1,23.076923076923073
45.0,23.076923076923073
44.9,23.076923076923073
44.8,23.076923076923073
44.7,23.076923076923073
44.6,23.076923076923073
44.5,23.076923076923073
44.4,23.076923076923073
44.3,23.076923076923073
44.2,23.076923076923073
44.1,23.076923076923073
44.0,23.076923076923073
43.9,23.076923076923073
43.8,23.076923076923073
43.7,23.076923076923073
43.6,23.076923076923073
43.5,23.076923076923073
43.4,23.076923076923073
43.3,23.076923076923073
43.2,23.076923076923073
43.1,23.076923076923073
43.0,23.076923076923073
42.9,23.076923076923073
42.8,23.076923076923073
42.7,23.076923076923073
42.6,23.076923076923073
42.5,23.076923076923073
42.4,23.076923076923073
42.3,23.076923076923073
42.2,23.076923076923073
42.1,23.076923076923073
42.0,23.076923076923073
41.9,23.076923076923073
41.8,23.076923076923073
41.7,23.076923076923073
41.6,23.076923076923073
41.5,23.076923076923073
41.4,23.076923076923073
41.3,23.076923076923073
41.2,23.076923076923073
41.1,23.076923076923073
41.0,23.076923076923073
40.9,23.076923076923073
40.8,23.076923076923073
40.7,23.076923076923073
40.6,23.076923076923073
40.5,23.076923076923073
40.4,23.076923076923073
40.3,23.076923076923073
40.2,23.076923076923073
40.1,23.076923076923073
40.0,23.076923076923073
39.9,23.076923076923073
39.8,23.076923076923073
39.7,23.076923076923073
39.6,23.076923076923073
39.5,23.076923076923073
39.4,23.076923076923073
39.3,23.076923076923073
39.2,23.076923076923073
39.1,23.076923076923073
39.0,23.076923076923073
38.9,23.076923076923073
38.8,23.076923076923073
38.7,23.076923076923073
38.6,23.076923076923073
38.5,23.076923076923073
38.4,23.076923076923073
38.3,23.076923076923073
38.2,23.076923076923073
38.1,23.076923076923073
38.0,23.076923076923073
37.9,23.076923076923073
37.8,23.076923076923073
37.7,23.076923076923073
37.6,23.076923076923073
37.5,23.076923076923073
37.4,23.076923076923073
37.3,23.076923076923073
37.2,23.076923076923073
37.1,23.076923076923073
37.0,23.076923076923073
36.9,23.076923076923073
36.8,23.076923076923073
36.7,23.076923076923073
36.6,23.076923076923073
36.5,23.076923076923073
36.4,23.076923076923073
36.3,23.076923076923073
36.2,23.076923076923073
36.1,23.076923076923073
36.0,23.076923076923073
35.9,23.076923076923073
35.8,23.076923076923073
35.7,23.076923076923073
35.6,23.076923076923073
35.5,23.076923076923073
35.4,23.076923076923073
35.3,23.076923076923073
35.2,23.076923076923073
35.1,23.076923076923073
35.0,23.076923076923073
34.9,23.076923076923073
34.8,23.076923076923073
34.7,23.076923076923073
34.6,23.076923076923073
34.5,23.076923076923073
34.4,23.076923076923073
34.3,23.076923076923073
34.2,23.076923076923073
34.1,23.076923076923073
34.0,23.076923076923073
33.9,23.076923076923073
33.8,23.076923076923073
33.7,23.076923076923073
33.6,23.076923076923073
33.5,23.076923076923073
33.4,23.076923076923073
33.3,23.076923076923073
33.2,23.076923076923073
33.1,23.076923076923073
33.0,23.076923076923073
32.9,23.076923076923073
32.8,23.076923076923073
32.7,23.076923076923073
32.6,23.076923076923073
32.5,23.076923076923073
32.4,23.076923076923073
32.3,23.076923076923073
32.2,23.076923076923073
32.1,23.076923076923073
32.0,23.076923076923073
31.9,23.076923076923073
31.8,23.076923076923073
31.7,23.076923076923073
31.6,23.076923076923073
31.5,23.076923076923073
31.4,23.076923076923073
31.3,23.076923076923073
31.2,23.076923076923073
31.1,23.076923076923073
31.0,23.076923076923073
30.9,23.076923076923073
30.8,23.076923076923073
30.7,23.076923076923073
30.6,23.076923076923073
30.5,23.076923076923073
30.4,23.076923076923073
30.3,23.076923076923073
30.2,23.076923076923073
30.1,23.076923076923073
30.0,23.076923076923073
29.9,23.076923076923073
29.8,23.076923076923073
29.7,23.076923076923073
29.6,23.076923076923073
29.5,23.076923076923073
29.4,23.076923076923073
29.3,23.076923076923073
29.2,23.076923076923073
29.1,23.076923076923073
29.0,23.076923076923073
28.9,23.076923076923073
28.8,23.076923076923073
28.7,23.076923076923073
28.6,23.076923076923073
28.5,23.076923076923073
28.4,23.076923076923073
28.3,23.076923076923073
28.2,23.076923076923073
28.1,23.076923076923073
28.0,23.076923076923073
27.9,23.076923076923073
27.8,23.076923076923073
27.7,23.076923076923073
27.6,23.076923076923073
27.5,23.076923076923073
27.4,23.076923076923073
27.3,23.076923076923073
27.2,23.076923076923073
27.1,23.076923076923073
27.0,23.076923076923073
26.9,23.076923076923073
26.8,23.076923076923073
26.7,23.076923076923073
26.6,23.076923076923073
26.5,23.076923076923073
26.4,23.076923076923073
26.3,23.076923076923073
26.2,23.076923076923073
26.1,23.076923076923073
26.0,23.076923076923073
25.9,23.076923076923073
25.8,23.076923076923073
25.7,23.076923076923073
25.6,23.076923076923073
25.5,23.076923076923073
25.4,23.076923076923073
25.3,23.076923076923073
25.2,23.076923076923073
25.1,23.076923076923073
25.0,23.076923076923073
24.9,23.076923076923073
24.8,23.076923076923073
24.7,23.076923076923073
24.6,23.076923076923073
24.5,23.076923076923073
24.4,23.076923076923073
24.3,23.076923076923073
24.2,23.076923076923073
24.1,23.076923076923073
24.0,23.076923076923073
23.9,23.076923076923073
23.8,23.076923076923073
23.7,23.076923076923073
23.6,23.076923076923073
23.5,23.076923076923073
23.4,23.076923076923073
23.3,23.076923076923073
23.2,23.076923076923073
23.1,23.076923076923073
23.0,23.076923076923073
22.9,23.076923076923073
22.8,23.076923076923073
22.7,23.076923076923073
22.6,23.076923076923073
22.5,23.076923076923073
22.4,23.076923076923073
22.3,23.076923076923073
22.2,23.076923076923073
22.1,23.076923076923073
22.0,23.076923076923073
21.9,23.076923076923073
21.8,23.076923076923073
21.7,23.076923076923073
21.6,23.076923076923073
21.5,23.076923076923073
21.4,23.076923076923073
21.3,23.076923076923073
21.2,23.076923076923073
21.1,23.076923076923073
21.0,23.076923076923073
20.9,23.076923076923073
20.8,23.076923076923073
20.7,23.076923076923073
20.6,23.076923076923073
20.5,23.076923076923073
20.4,23.076923076923073
20.3,23.076923076923073
20.2,23.076923076923073
20.1,23.076923076923073
20.0,23.076923076923073
19.9,23.076923076923073
19.8,23.076923076923073
19.7,23.076923076923073
19.6,23.076923076923073
19.5,23.076923076923073
19.4,23.076923076923073
19.3,23.076923076923073
19.2,23.076923076923073
19.1,23.076923076923073
19.0,23.076923076923073
18.9,23.076923076923073
18.8,23.076923076923073
18.7,23.076923076923073
18.6,23.076923076923073
18.5,23.076923076923073
18.4,23.076923076923073
18.3,23.076923076923073
18.2,23.076923076923073
18.1,23.076923076923073
18.0,23.076923076923073
17.9,23.076923076923073
17.8,23.076923076923073
17.7,23.076923076923073
17.6,23.076923076923073
17.5,23.076923076923073
17.4,23.076923076923073
17.3,23.076923076923073
17.2,23.076923076923073
17.1,23.076923076923073
17.0,23.076923076923073
16.9,23.076923076923073
16.8,23.076923076923073
16.7,23.076923076923073
16.6,23.076923076923073
16.5,23.076923076923073
16.4,23.076923076923073
16.3,23.076923076923073
16.2,23.076923076923073
16.1,23.076923076923073
16.0,23.076923076923073
15.899999999999999,23.076923076923073
15.8,23.076923076923073
15.7,23.076923076923073
15.6,23.076923076923073
15.5,23.076923076923073
15.399999999999999,23.076923076923073
15.3,23.076923076923073
15.2,23.076923076923073
15.1,23.076923076923073
15.0,23.076923076923073
14.9,23.076923076923073
14.8,23.076923076923073
14.7,23.076923076923073
14.6,23.076923076923073
14.5,23.076923076923073
14.4,23.076923076923073
14.3,23.076923076923073
14.2,23.076923076923073
14.1,23.076923076923073
14.0,23.076923076923073
13.9,23.076923076923073
13.8,23.076923076923073
13.7,23.076923076923073
13.6,23.076923076923073
13.5,23.076923076923073
13.4,23.076923076923073
13.3,23.076923076923073
13.2,23.076923076923073
13.1,23.076923076923073
13.0,23.076923076923073
12.9,23.076923076923073
12.8,23.076923076923073
12.7,23.076923076923073
12.6,23.076923076923073
12.5,23.076923076923073
12.4,23.076923076923073
12.3,23.076923076923073
12.2,23.076923076923073
12.1,23.076923076923073
12.0,23.076923076923073
11.9,23.076923076923073
11.8,23.076923076923073
11.7,23.076923076923073
11.6,23.076923076923073
11.5,23.076923076923073
11.4,23.076923076923073
11.3,23.076923076923073
11.2,23.076923076923073
11.1,23.076923076923073
11.0,23.076923076923073
10.899999999999999,23.076923076923073
10.8,23.076923076923073
10.7,23.076923076923073
10.6,23.076923076923073
10.5,23.076923076923073
10.399999999999999,23.076923076923073
10.3,23.076923076923073
10.2,23.076923076923073
10.1,23.076923076923073
10.0,23.076923076923073
9.9,23.076923076923073
9.8,23.076923076923073
9.7,23.076923076923073
9.6,23.076923076923073
9.5,23.076923076923073
9.4,23.076923076923073
9.3,23.076923076923073
9.2,23.076923076923073
9.1,23.076923076923073
9.0,23.076923076923073
8.9,23.076923076923073
8.8,23.076923076923073
8.7,23.076923076923073
8.6,23.076923076923073
8.5,23.076923076923073
8.4,23.076923076923073
8.3,23.076923076923073
8.2,23.076923076923073
8.1,23.076923076923073
8.0,23.076923076923073
7.9,23.076923076923073
7.8,23.076923076923073
7.699999999999999,23.076923076923073
7.6,23.076923076923073
7.5,23.076923076923073
7.4,23.076923076923073
7.3,23.076923076923073
7.199999999999999,23.076923076923073
7.1,23.076923076923073
7.0,23.076923076923073
6.9,23.076923076923073
6.8,23.076923076923073
6.699999999999999,23.076923076923073
6.6,23.076923076923073
6.5,23.076923076923073
6.4,23.076923076923073
6.3,23.076923076923073
6.2,23.076923076923073
6.1,23.076923076923073
6.0,23.076923076923073
5.8999999999999995,23.076923076923073
5.8,23.076923076923073
5.7,23.076923076923073
5.6,23.076923076923073
5.5,23.076923076923073
5.3999999999999995,23.076923076923073
5.3,23.076923076923073
5.199999999999999,23.076923076923073
5.1,23.076923076923073
5.0,23.076923076923073
4.9,23.076923076923073
4.8,23.076923076923073
4.7,23.076923076923073
4.6,23.076923076923073
4.5,23.076923076923073
4.4,23.076923076923073
4.3,23.076923076923073
4.2,23.076923076923073
4.1,23.076923076923073
4.0,23.076923076923073
3.9,23.076923076923073
3.8,23.076923076923073
3.7,23.076923076923073
3.5999999999999996,23.076923076923073
3.5,23.076923076923073
3.4,23.076923076923073
3.3,23.076923076923073
3.2,23.076923076923073
3.1,23.076923076923073
3.0,23.076923076923073
2.9,23.076923076923073
2.8,23.076923076923073
2.6999999999999997,23.076923076923073
2.5999999999999996,23.076923076923073
2.5,23.076923076923073
2.4,23.076923076923073
2.3,23.076923076923073
2.1999999999999997,23.076923076923073
2.0999999999999996,23.076923076923073
2.0,23.076923076923073
1.9,23.076923076923073
1.7999999999999998,23.076923076923073
1.6999999999999997,23.076923076923073
1.5999999999999996,23.076923076923073
1.5,23.076923076923073
1.4000000000000004,23.076923076923073
1.2999999999999998,23.076923076923073
1.2000000000000002,23.076923076923073
1.0999999999999996,23.076923076923073
1.0,23.076923076923073
0.8999999999999995,23.076923076923073
0.7999999999999998,23.076923076923073
0.7000000000000002,23.076923076923073
0.5999999999999996,23.076923076923073
0.5,23.076923076923073
0.39999999999999947,23.076923076923073
0.2999999999999998,23.076923076923073
0.1999999999999993,23.076923076923073
0.09999999999999964,23.076923076923073
0.0,23.076923076923073
0.0,23.176923076923075
0.0,23.276923076923072
0.0,23.376923076923074
0.0,23.47692307692307
0.0,23.576923076923073
0.0,23.676923076923075
0.0,23.776923076923072
0.0,23.876923076923074
0.0,23.97692307692307
0.0,24.076923076923073
0.0,24.176923076923075
0.0,24.276923076923072
0.0,24.376923076923074
0.0,24.47692307692307
0.0,24.576923076923073
0.0,24.676923076923075
0.0,24.776923076923072
0.0,24.876923076923074
0.0,24.97692307692307
0.0,25.076923076923073
0.0,25.176923076923075
0.0,25.276923076923072
0.0,25.376923076923074
0.0,25.47692307692307
0.0,25.576923076923073
0.0,25.676923076923075
0.0,25.776923076923072
0.0,25.876923076923074
0.0,25.97692307692307
0.0,26.076923076923073
0.0,26.176923076923075
0.0,26.276923076923072
0.0,26.376923076923074
0.0,26.476923076923075
0.0,26.576923076923073
0.0,26.676923076923075
0.0,26.776923076923072
0.0,26.876923076923074
0.0,26.97692307692307
0.0,27.076923076923073
0.0,27.176923076923075
0.0,27.276923076923072
0.0,27.376923076923074
0.0,27.47692307692307
0.0,27.576923076923073
0.0,27.676923076923075
0.0,27.69230769230769
0.0,27.79230769230769
0.0,27.89230769230769
0.0,27.99230769230769
0.0,28.09230769230769
0.0,28.19230769230769
0.0,28.29230769230769
0.0,28.39230769230769
0.0,28.49230769230769
0.0,28.59230769230769
0.0,28.69230769230769
0.0,28.79230769230769
0.0,28.89230769230769
0.0,28.99230769230769
0.0,29.09230769230769
0.0,29.19230769230769
0.0,29.29230769230769
0.0,29.39230769230769
0.0,29.49230769230769
0.0,29.59230769230769
0.0,29.69230769230769
0.0,29.79230769230769
0.0,29.89230769230769
0.0,29.99230769230769
0.0,30.092307692307692
0.0,30.19230769230769
0.0,30.292307692307688
0.0,30.39230769230769
0.0,30.49230769230769
0.0,30.592307692307692
0.0,30.69230769230769
0.0,30.79230769230769
0.0,30.89230769230769
0.0,30.99230769230769
0.0,31.092307692307692
0.0,31.19230769230769
0.0,31.29230769230769
0.0,31.39230769230769
0.0,31.49230769230769
0.0,31.592307692307692
0.0,31.69230769230769
0.0,31.79230769230769
0.0,31.89230769230769
0.0,31.99230769230769
0.0,32.09230769230769
0.0,32.19230769230769
0.0,32.29230769230769
0.0,32.30769230769231
0.0,32.40769230769231
0.0,32.50769230769231
0.0,32.607692307692304
0.0,32.707692307692305
0.0,32.80769230769231
0.0,32.90769230769231
0.0,33.00769230769231
0.0,33.107692307692304
0.0,33.207692307692305
0.0,33.30769230769231
0.0,33.40769230769231
0.0,33.50769230769231
0.0,33.607692307692304
0.0,33.707692307692305
0.0,33.80769230769231
0.0,33.90769230769231
0.0,34.00769230769231
0.0,34.107692307692304
0.0,34.207692307692305
0.0,34.30769230769231
0.0,34.40769230769231
0.0,34.50769230769231
0.0,34.607692307692304
0.0,34.707692307692305
0.0,34.80769230769231
0.0,34.90769230769231
0.0,35.00769230769231
0.0,35.107692307692304
0.0,35.207692307692305
0.0,35.30769230769231
0.0,35.40769230769231
0.0,35.50769230769231
0.0,35.607692307692304
0.0,35.707692307692305
0.0,35.80769230769231
0.0,35.90769230769231
0.0,36.00769230769231
0.0,36.107692307692304
0.0,36.207692307692305
0.0,36.30769230769231
0.0,36.40769230769231
0.0,36.50769230769231
0.0,36.607692307692304
0.0,36.707692307692305
0.0,36.80769230769231
0.0,36.90769230769231
0.0,36.92307692307692
0.0,37.02307692307692
0.0,37.12307692307692
0.0,37.22307692307692
0.0,37.32307692307692
0.0,37.42307692307692
0.0,37.52307692307692
0.0,37.62307692307692
0.0,37.72307692307692
0.0,37.82307692307692
0.0,37.92307692307692
0.0,38.02307692307692
0.0,38.12307692307692
0.0,38.22307692307692
0.0,38.32307692307692
0.0,38.42307692307692
0.0,38.52307692307692
0.0,38.62307692307692
0.0,38.72307692307692
0.0,38.82307692307692
0.0,38.92307692307692
0.0,39.02307692307692
0.0,39.12307692307692
0.0,39.22307692307692
0.0,39.32307692307692
0.0,39.42307692307692
0.0,39.52307692307692
0.0,39.62307692307692
0.0,39.72307692307692
0.0,39.82307692307692
0.0,39.92307692307692
0.0,40.02307692307692
0.0,40.12307692307692
0.0,40.22307692307692
0.0,40.32307692307692
0.0,40.42307692307692
0.0,40.52307692307692
0.0,40.62307692307692
0.0,40.72307692307692
0.0,40.82307692307692
0.0,40.92307692307692
0.0,41.02307692307692
0.0,41.12307692307692
0.0,41.22307692307692
0.0,41.32307692307692
0.0,41.42307692307692
0.0,41.52307692307692
0.0,41.53846153846153
0.1,41.53846153846153
0.2,41.53846153846153
0.30000000000000004,41.53846153846153
0.4,41.53846153846153
0.5,41.53846153846153
0.6000000000000001,41.53846153846153
0.7000000000000001,41.53846153846153
0.8,41.53846153846153
0.8999999999999999,41.53846153846153
1.0,41.53846153846153
1.1,41.53846153846153
1.2000000000000002,41.53846153846153
1.3,41.53846153846153
1.4000000000000001,41.53846153846153
1.5,41.53846153846153
1.6,41.53846153846153
1.7000000000000002,41.53846153846153
1.7999999999999998,41.53846153846153
1.9,41.53846153846153
2.0,41.53846153846153
2.1,41.53846153846153
2.2,41.53846153846153
2.3000000000000003,41.53846153846153
2.4000000000000004,41.53846153846153
2.5,41.53846153846153
2.6,41.53846153846153
2.7,41.53846153846153
2.8000000000000003,41.53846153846153
2.9000000000000004,41.53846153846153
3.0,41.53846153846153
3.1,41.53846153846153
3.2,41.53846153846153
3.3000000000000003,41.53846153846153
3.4000000000000004,41.53846153846153
3.5,41.53846153846153
3.5999999999999996,41.53846153846153
3.7,41.53846153846153
3.8,41.53846153846153
3.9000000000000004,41.53846153846153
4.0,41.53846153846153
4.1000000000000005,41.53846153846153
4.2,41.53846153846153
4.3,41.53846153846153
4.4,41.53846153846153
4.5,41.53846153846153
4.6000000000000005,41.53846153846153
4.7,41.53846153846153
4.800000000000001,41.53846153846153
4.9,41.53846153846153
5.0,41.53846153846153
5.1,41.53846153846153
5.2,41.53846153846153
5.3,41.53846153846153
5.4,41.53846153846153
5.5,41.53846153846153
5.6,41.53846153846153
5.7,41.53846153846153
5.8,41.53846153846153
5.9,41.53846153846153
6.0,41.53846153846153
6.1,41.53846153846153
6.2,41.53846153846153
6.3,41.53846153846153
6.4,41.53846153846153
6.5,41.53846153846153
6.6,41.53846153846153
6.7,41.53846153846153
6.8,41.53846153846153
6.9,41.53846153846153
7.0,41.53846153846153
7.1,41.53846153846153
7.2,41.53846153846153
7.300000000000001,41.53846153846153
7.4,41.53846153846153
7.5,41.53846153846153
7.6,41.53846153846153
7.7,41.53846153846153
7.800000000000001,41.53846153846153
7.9,41.53846153846153
8.0,41.53846153846153
8.1,41.53846153846153
8.2,41.53846153846153
8.3,41.53846153846153
8.4,41.53846153846153
8.5,41.53846153846153
8.6,41.53846153846153
8.7,41.53846153846153
8.8,41.53846153846153
8.9,41.53846153846153
9.0,41.53846153846153
9.100000000000001,41.53846153846153
9.2,41.53846153846153
9.3,41.53846153846153
9.4,41.53846153846153
9.5,41.53846153846153
9.600000000000001,41.53846153846153
9.7,41.53846153846153
9.8,41.53846153846153
9.9,41.53846153846153
10.0,41.53846153846153
10.1,41.53846153846153
10.2,41.53846153846153
10.3,41.53846153846153
10.4,41.53846153846153
10.5,41.53846153846153
10.6,41.53846153846153
10.7,41.53846153846153
10.8,41.53846153846153
10.9,41.53846153846153
11.0,41.53846153846153
11.1,41.53846153846153
11.2,41.53846153846153
11.3,41.53846153846153
11.4,41.53846153846153
11.5,41.53846153846153
11.6,41.53846153846153
11.7,41.53846153846153
11.8,41.53846153846153
11.9,41.53846153846153
12.0,41.53846153846153
12.1,41.53846153846153
12.2,41.53846153846153
12.3,41.53846153846153
12.4,41.53846153846153
12.5,41.53846153846153
12.6,41.53846153846153
12.7,41.53846153846153
12.8,41.53846153846153
12.9,41.53846153846153
13.0,41.53846153846153
13.1,41.53846153846153
13.2,41.53846153846153
13.3,41.53846153846153
13.4,41.53846153846153
13.5,41.53846153846153
13.6,41.53846153846153
13.7,41.53846153846153
13.8,41.53846153846153
13.9,41.53846153846153
14.0,41.53846153846153
14.100000000000001,41.53846153846153
14.2,41.53846153846153
14.3,41.53846153846153
14.4,41.53846153846153
14.5,41.53846153846153
14.600000000000001,41.53846153846153
14.7,41.53846153846153
14.8,41.53846153846153
14.9,41.53846153846153
15.0,41.53846153846153
15.1,41.53846153846153
15.2,41.53846153846153
15.3,41.53846153846153
15.4,41.53846153846153
15.5,41.53846153846153
15.6,41.53846153846153
15.7,41.53846153846153
15.8,41.53846153846153
15.9,41.53846153846153
16.0,41.53846153846153
16.1,41.53846153846153
16.2,41.53846153846153
16.3,41.53846153846153
16.4,41.53846153846153
16.5,41.53846153846153
16.6,41.53846153846153
16.7,41.53846153846153
16.8,41.53846153846153
16.9,41.53846153846153
17.0,41.53846153846153
17.1,41.53846153846153
17.2,41.53846153846153
17.3,41.53846153846153
17.4,41.53846153846153
17.5,41.53846153846153
17.6,41.53846153846153
17.7,41.53846153846153
17.8,41.53846153846153
17.9,41.53846153846153
18.0,41.53846153846153
18.1,41.53846153846153
18.2,41.53846153846153
18.3,41.53846153846153
18.4,41.53846153846153
18.5,41.53846153846153
18.6,41.53846153846153
18.7,41.53846153846153
18.8,41.53846153846153
18.9,41.53846153846153
19.0,41.53846153846153
19.1,41.53846153846153
19.2,41.53846153846153
19.3,41.53846153846153
19.4,41.53846153846153
19.5,41.53846153846153
19.6,41.53846153846153
19.7,41.53846153846153
19.8,41.53846153846153
19.9,41.53846153846153
20.0,41.53846153846153
20.1,41.53846153846153
20.2,41.53846153846153
20.3,41.53846153846153
20.4,41.53846153846153
20.5,41.53846153846153
20.6,41.53846153846153
20.7,41.53846153846153
20.8,41.53846153846153
20.9,41.53846153846153
21.0,41.53846153846153
21.1,41.53846153846153
21.2,41.53846153846153
21.3,41.53846153846153
21.4,41.53846153846153
21.5,41.53846153846153
21.6,41.53846153846153
21.7,41.53846153846153
21.8,41.53846153846153
21.9,41.53846153846153
22.0,41.53846153846153
22.1,41.53846153846153
22.2,41.53846153846153
22.3,41.53846153846153
22.4,41.53846153846153
22.5,41.53846153846153
22.6,41.53846153846153
22.7,41.53846153846153
22.8,41.53846153846153
22.9,41.53846153846153
23.0,41.53846153846153
23.1,41.53846153846153
23.2,41.53846153846153
23.3,41.53846153846153
23.4,41.53846153846153
23.5,41.53846153846153
23.6,41.53846153846153
23.7,41.53846153846153
23.8,41.53846153846153
23.9,41.53846153846153
24.0,41.53846153846153
24.1,41.53846153846153
24.2,41.53846153846153
24.3,41.53846153846153
24.4,41.53846153846153
24.5,41.53846153846153
24.6,41.53846153846153
24.7,41.53846153846153
24.8,41.53846153846153
24.9,41.53846153846153
25.0,41.53846153846153
25.1,41.53846153846153
25.2,41.53846153846153
25.3,41.53846153846153
25.4,41.53846153846153
25.5,41.53846153846153
25.6,41.53846153846153
25.7,41.53846153846153
25.8,41.53846153846153
25.9,41.53846153846153
26.0,41.53846153846153
26.1,41.53846153846153
26.2,41.53846153846153
26.3,41.53846153846153
26.4,41.53846153846153
26.5,41.53846153846153
26.6,41.53846153846153
26.7,41.53846153846153
26.8,41.53846153846153
26.9,41.53846153846153
27.0,41.53846153846153
27.1,41.53846153846153
27.2,41.53846153846153
27.3,41.53846153846153
27.4,41.53846153846153
27.5,41.53846153846153
27.6,41.53846153846153
27.7,41.53846153846153
27.8,41.53846153846153
27.9,41.53846153846153
28.0,41.53846153846153
28.1,41.53846153846153
28.2,41.53846153846153
28.3,41.53846153846153
28.4,41.53846153846153
28.5,41.53846153846153
28.6,41.53846153846153
28.7,41.53846153846153
28.8,41.53846153846153
28.9,41.53846153846153
29.0,41.53846153846153
29.1,41.53846153846153
29.2,41.53846153846153
29.3,41.53846153846153
29.4,41.53846153846153
29.5,41.53846153846153
29.6,41.53846153846153
29.7,41.53846153846153
29.8,41.53846153846153
29.9,41.53846153846153
30.0,41.53846153846153
30.1,41.53846153846153
30.2,41.53846153846153
30.3,41.53846153846153
30.4,41.53846153846153
30.5,41.53846153846153
30.6,41.53846153846153
30.7,41.53846153846153
30.8,41.53846153846153
30.9,41.53846153846153
31.0,41.53846153846153
31.1,41.53846153846153
31.2,41.53846153846153
31.3,41.53846153846153
31.4,41.53846153846153
31.5,41.53846153846153
31.6,41.53846153846153
31.7,41.53846153846153
31.8,41.53846153846153
31.9,41.53846153846153
32.0,41.53846153846153
32.1,41.53846153846153
32.2,41.53846153846153
32.3,41.53846153846153
32.4,41.53846153846153
32.5,41.53846153846153
32.6,41.53846153846153
32.7,41.53846153846153
32.8,41.53846153846153
32.9,41.53846153846153
33.0,41.53846153846153
33.1,41.53846153846153
33.2,41.53846153846153
33.3,41.53846153846153
33.4,41.53846153846153
33.5,41.53846153846153
33.6,41.53846153846153
33.7,41.53846153846153
33.8,41.53846153846153
33.9,41.53846153846153
34.0,41.53846153846153
34.1,41.53846153846153
34.2,41.53846153846153
34.3,41.53846153846153
34.4,41.53846153846153
34.5,41.53846153846153
34.6,41.53846153846153
34.7,41.53846153846153
34.8,41.53846153846153
34.9,41.53846153846153
35.0,41.53846153846153
35.1,41.53846153846153
35.2,41.53846153846153
35.3,41.53846153846153
35.4,41.53846153846153
35.5,41.53846153846153
35.6,41.53846153846153
35.7,41.53846153846153
35.8,41.53846153846153
35.9,41.53846153846153
36.0,41.53846153846153
36.1,41.53846153846153
36.2,41.53846153846153
36.3,41.53846153846153
36.4,41.53846153846153
36.5,41.53846153846153
36.6,41.53846153846153
36.7,41.53846153846153
36.8,41.53846153846153
36.9,41.53846153846153
37.0,41.53846153846153
37.1,41.53846153846153
37.2,41.53846153846153
37.3,41.53846153846153
37.4,41.53846153846153
37.5,41.53846153846153
37.6,41.53846153846153
37.7,41.53846153846153
37.8,41.53846153846153
37.9,41.53846153846153
38.0,41.53846153846153
38.1,41.53846153846153
38.2,41.53846153846153
38.3,41.53846153846153
38.4,41.53846153846153
38.5,41.53846153846153
38.6,41.53846153846153
38.7,41.53846153846153
38.8,41.53846153846153
38.9,41.53846153846153
39.0,41.53846153846153
39.1,41.53846153846153
39.2,41.53846153846153
39.3,41.53846153846153
39.4,41.53846153846153
39.5,41.53846153846153
39.6,41.53846153846153
39.7,41.53846153846153
39.8,41.53846153846153
39.9,41.53846153846153
40.0,41.53846153846153
40.1,41.53846153846153
40.2,41.53846153846153
40.3,41.53846153846153
40.4,41.53846153846153
40.5,41.53846153846153
40.6,41.53846153846153
40.7,41.53846153846153
40.8,41.53846153846153
40.9,41.53846153846153
41.0,41.53846153846153
41.1,41.53846153846153
41.2,41.53846153846153
41.3,41.53846153846153
41.4,41.53846153846153
41.5,41.53846153846153
41.6,41.53846153846153
41.7,41.53846153846153
41.8,41.53846153846153
41.9,41.53846153846153
42.0,41.53846153846153
42.1,41.53846153846153
42.2,41.53846153846153
42.3,41.53846153846153
42.4,41.53846153846153
42.5,41.53846153846153
42.6,41.53846153846153
42.7,41.53846153846153
42.8,41.53846153846153
42.9,41.53846153846153
43.0,41.53846153846153
43.1,41.53846153846153
43.2,41.53846153846153
43.3,41.53846153846153
43.4,41.53846153846153
43.5,41.53846153846153
43.6,41.53846153846153
43.7,41.53846153846153
43.8,41.53846153846153
43.9,41.53846153846153
44.0,41.53846153846153
44.1,41.53846153846153
44.2,41.53846153846153
44.3,41.53846153846153
44.4,41.53846153846153
44.5,41.53846153846153
44.6,41.53846153846153
44.7,41.53846153846153
44.8,41.53846153846153
44.9,41.53846153846153
45.0,41.53846153846153
45.1,41.53846153846153
45.2,41.53846153846153
45.3,41.53846153846153
45.4,41.53846153846153
45.5,41.53846153846153
45.6,41.53846153846153
45.7,41.53846153846153
45.8,41.53846153846153
45.9,41.53846153846153
46.0,41.53846153846153
46.1,41.53846153846153
46.2,41.53846153846153
46.3,41.53846153846153
46.4,41.53846153846153
46.5,41.53846153846153
46.6,41.53846153846153
46.7,41.53846153846153
46.8,41.53846153846153
46.9,41.53846153846153
47.0,41.53846153846153
47.1,41.53846153846153
47.2,41.53846153846153
47.3,41.53846153846153
47.4,41.53846153846153
47.5,41.53846153846153
47.6,41.53846153846153
47.7,41.53846153846153
47.8,41.53846153846153
47.9,41.53846153846153
48.0,41.53846153846153
48.1,41.53846153846153
48.2,41.53846153846153
48.3,41.53846153846153
48.4,41.53846153846153
48.5,41.53846153846153
48.6,41.53846153846153
48.7,41.53846153846153
48.8,41.53846153846153
48.9,41.53846153846153
49.0,41.53846153846153
49.1,41.53846153846153
49.2,41.53846153846153
49.3,41.53846153846153
49.4,41.53846153846153
49.5,41.53846153846153
49.6,41.53846153846153
49.7,41.53846153846153
49.8,41.53846153846153
49.9,41.53846153846153
50.0,41.53846153846153
50.1,41.53846153846153
50.2,41.53846153846153
50.3,41.53846153846153
50.4,41.53846153846153
50.5,41.53846153846153
50.6,41.53846153846153
50.7,41.53846153846153
50.8,41.53846153846153
50.9,41.53846153846153
51.0,41.53846153846153
51.1,41.53846153846153
51.2,41.53846153846153
51.3,41.53846153846153
51.4,41.53846153846153
51.5,41.53846153846153
51.6,41.53846153846153
51.7,41.53846153846153
51.8,41.53846153846153
51.9,41.53846153846153
52.0,41.53846153846153
52.1,41.53846153846153
52.2,41.53846153846153
52.3,41.53846153846153
52.4,41.53846153846153
52.5,41.53846153846153
52.6,41.53846153846153
52.7,41.53846153846153
52.8,41.53846153846153
52.9,41.53846153846153
53.0,41.53846153846153
53.1,41.53846153846153
53.2,41.53846153846153
53.3,41.53846153846153
53.4,41.53846153846153
53.5,41.53846153846153
53.6,41.53846153846153
53.7,41.53846153846153
53.8,41.53846153846153
53.9,41.53846153846153
54.0,41.53846153846153
54.1,41.53846153846153
54.2,41.53846153846153
54.3,41.53846153846153
54.4,41.53846153846153
54.5,41.53846153846153
54.6,41.53846153846153
54.7,41.53846153846153
54.8,41.53846153846153
54.9,41.53846153846153
55.0,41.53846153846153
55.0,41.638461538461534
55.0,41.738461538461536
55.0,41.83846153846153
55.0,41.93846153846153
55.0,42.03846153846153
55.0,42.138461538461534
55.0,42.238461538461536
55.0,42.33846153846153
55.0,42.43846153846153
55.0,42.53846153846153
55.0,42.638461538461534
55.0,42.738461538461536
55.0,42.83846153846153
55.0,42.93846153846153
55.0,43.03846153846153
55.0,43.138461538461534
55.0,43.238461538461536
55.0,43.33846153846153
55.0,43.43846153846153
55.0,43.53846153846153
55.0,43.638461538461534
55.0,43.738461538461536
55.0,43.83846153846153
55.0,43.93846153846153
55.0,44.03846153846153
55.0,44.138461538461534
55.0,44.238461538461536
55.0,44.33846153846153
55.0,44.43846153846153
55.0,44.53846153846153
55.0,44.638461538461534
55.0,44.738461538461536
55.0,44.83846153846153
55.0,44.93846153846153
55.0,45.03846153846153
55.0,45.138461538461534
55.0,45.238461538461536
55.0,45.33846153846153
55.0,45.43846153846153
55.0,45.53846153846153
55.0,45.638461538461534
55.0,45.738461538461536
55.0,45.83846153846153
55.0,45.93846153846153
55.0,46.03846153846153
55.0,46.138461538461534
55.0,46.153846153846146
55.0,46.25384615384615
55.0,46.35384615384615
55.0,46.45384615384614
55.0,46.553846153846145
55.0,46.653846153846146
55.0,46.75384615384615
55.0,46.85384615384615
55.0,46.95384615384614
55.0,47.053846153846145
55.0,47.153846153846146
55.0,47.25384615384615
55.0,47.35384615384615
55.0,47.45384615384614
55.0,47.553846153846145
55.0,47.653846153846146
55.0,47.75384615384615
55.0,47.85384615384615
55.0,47.95384615384614
55.0,48.053846153846145
55.0,48.153846153846146
55.0,48.25384615384615
55.0,48.35384615384615
55.0,48.45384615384614
55.0,48.553846153846145
55.0,48.653846153846146
55.0,48.75384615384615
55.0,48.85384615384615
55.0,48.95384615384614
55.0,49.053846153846145
55.0,49.153846153846146
55.0,49.25384615384615
55.0,49.35384615384615
55.0,49.45384615384614
55.0,49.553846153846145
55.0,49.653846153846146
55.0,49.75384615384615
55.0,49.85384615384615
55.0,49.95384615384614
55.0,50.053846153846145
55.0,50.153846153846146
55.0,50.25384615384615
55.0,50.35384615384615
55.0,50.45384615384614
55.0,50.553846153846145
55.0,50.653846153846146
55.0,50.75384615384615
55.0,50.76923076923077
55.0,50.86923076923077
55.0,50.96923076923077
55.0,51.069230769230764
55.0,51.169230769230765
55.0,51.26923076923077
55.0,51.36923076923077
55.0,51.46923076923077
55.0,51.569230769230764
55.0,51.669230769230765
55.0,51.76923076923077
55.0,51.86923076923077
55.0,51.96923076923077
55.0,52.069230769230764
55.0,52.169230769230765
55.0,52.26923076923077
55.0,52.36923076923077
55.0,52.46923076923077
55.0,52.569230769230764
55.0,52.669230769230765
55.0,52.76923076923077
55.0,52.86923076923077
55.0,52.96923076923077
55.0,53.069230769230764
55.0,53.169230769230765
55.0,53.26923076923077
55.0,53.36923076923077
55.0,53.46923076923077
55.0,53.569230769230764
55.0,53.669230769230765
55.0,53.76923076923077
55.0,53.86923076923077
55.0,53.96923076923077
55.0,54.069230769230764
55.0,54.169230769230765
55.0,54.26923076923077
55.0,54.36923076923077
55.0,54.46923076923077
55.0,54.569230769230764
55.0,54.669230769230765
55.0,54.76923076923077
55.0,54.86923076923077
55.0,54.96923076923077
55.0,55.069230769230764
55.0,55.169230769230765
55.0,55.26923076923077
55.0,55.36923076923077
55.0,55.38461538461538
54.9,55.38461538461538
54.8,55.38461538461538
54.7,55.38461538461538
54.6,55.38461538461538
54.5,55.38461538461538
54.4,55.38461538461538
54.3,55.38461538461538
54.2,55.38461538461538
54.1,55.38461538461538
54.0,55.38461538461538
53.9,55.38461538461538
53.8,55.38461538461538
53.7,55.38461538461538
53.6,55.38461538461538
53.5,55.38461538461538
53.4,55.38461538461538
53.3,55.38461538461538
53.2,55.38461538461538
53.1,55.38461538461538
53.0,55.38461538461538
52.9,55.38461538461538
52.8,55.38461538461538
52.7,55.38461538461538
52.6,55.38461538461538
52.5,55.38461538461538
52.4,55.38461538461538
52.3,55.38461538461538
52.2,55.38461538461538
52.1,55.38461538461538
52.0,55.38461538461538
51.9,55.38461538461538
51.8,55.38461538461538
51.7,55.38461538461538
51.6,55.38461538461538
51.5,55.38461538461538
51.4,55.38461538461538
51.3,55.38461538461538
51.2,55.38461538461538
51.1,55.38461538461538
51.0,55.38461538461538
50.9,55.38461538461538
50.8,55.38461538461538
50.7,55.38461538461538
50.6,55.38461538461538
50.5,55.38461538461538
50.4,55.38461538461538
50.3,55.38461538461538
50.2,55.38461538461538
50.1,55.38461538461538
50.0,55.38461538461538
49.9,55.38461538461538
49.8,55.38461538461538
49.7,55.38461538461538
49.6,55.38461538461538
49.5,55.38461538461538
49.4,55.38461538461538
49.3,55.38461538461538
49.2,55.38461538461538
49.1,55.38461538461538
49.0,55.38461538461538
48.9,55.38461538461538
48.8,55.38461538461538
48.7,55.38461538461538
48.6,55.38461538461538
48.5,55.38461538461538
48.4,55.38461538461538
48.3,55.38461538461538
48.2,55.38461538461538
48.1,55.38461538461538
48.0,55.38461538461538
47.9,55.38461538461538
47.8,55.38461538461538
47.7,55.38461538461538
47.6,55.38461538461538
47.5,55.38461538461538
47.4,55.38461538461538
47.3,55.38461538461538
47.2,55.38461538461538
47.1,55.38461538461538
47.0,55.38461538461538
46.9,55.38461538461538
46.8,55.38461538461538
46.7,55.38461538461538
46.6,55.38461538461538
46.5,55.38461538461538
46.4,55.38461538461538
46.3,55.38461538461538
46.2,55.38461538461538
46.1,55.38461538461538
46.0,55.38461538461538
45.9,55.38461538461538
45.8,55.38461538461538
45.7,55.38461538461538
45.6,55.38461538461538
45.5,55.38461538461538
45.4,55.38461538461538
45.3,55.38461538461538
45.2,55.38461538461538
45.1,55.38461538461538
45.0,55.38461538461538
44.9,55.38461538461538
44.8,55.38461538461538
44.7,55.38461538461538
44.6,55.38461538461538
44.5,55.38461538461538
44.4,55.38461538461538
44.3,55.38461538461538
44.2,55.38461538461538
44.1,55.38461538461538
44.0,55.38461538461538
43.9,55.38461538461538
43.8,55.38461538461538
43.7,55.38461538461538
43.6,55.38461538461538
43.5,55.38461538461538
43.4,55.38461538461538
43.3,55.38461538461538
43.2,55.38461538461538
43.1,55.38461538461538
43.0,55.38461538461538
42.9,55.38461538461538
42.8,55.38461538461538
42.7,55.38461538461538
42.6,55.38461538461538
42.5,55.38461538461538
42.4,55.38461538461538
42.3,55.38461538461538
42.2,55.38461538461538
42.1,55.38461538461538
42.0,55.38461538461538
41.9,55.38461538461538
41.8,55.38461538461538
41.7,55.38461538461538
41.6,55.38461538461538
41.5,55.38461538461538
41.4,55.38461538461538
41.3,55.38461538461538
41.2,55.38461538461538
41.1,55.38461538461538
41.0,55.38461538461538
40.9,55.38461538461538
40.8,55.38461538461538
40.7,55.38461538461538
40.6,55.38461538461538
40.5,55.38461538461538
40.4,55.38461538461538
40.3,55.38461538461538
40.2,55.38461538461538
40.1,55.38461538461538
40.0,55.38461538461538
39.9,55.38461538461538
39.8,55.38461538461538
39.7,55.38461538461538
39.6,55.38461538461538
39.5,55.38461538461538
39.4,55.38461538461538
39.3,55.38461538461538
39.2,55.38461538461538
39.1,55.38461538461538
39.0,55.38461538461538
38.9,55.38461538461538
38.8,55.38461538461538
38.7,55.38461538461538
38.6,55.38461538461538
38.5,55.38461538461538
38.4,55.38461538461538
38.3,55.38461538461538
38.2,55.38461538461538
38.1,55.38461538461538
38.0,55.38461538461538
37.9,55.38461538461538
37.8,55.38461538461538
37.7,55.38461538461538
37.6,55.38461538461538
37.5,55.38461538461538
37.4,55.38461538461538
37.3,55.38461538461538
37.2,55.38461538461538
37.1,55.38461538461538
37.0,55.38461538461538
36.9,55.38461538461538
36.8,55.38461538461538
36.7,55.38461538461538
36.6,55.38461538461538
36.5,55.38461538461538
36.4,55.38461538461538
36.3,55.38461538461538
36.2,55.38461538461538
36.1,55.38461538461538
36.0,55.38461538461538
35.9,55.38461538461538
35.8,55.38461538461538
35.7,55.38461538461538
35.6,55.38461538461538
35.5,55.38461538461538
35.4,55.38461538461538
35.3,55.38461538461538
35.2,55.38461538461538
35.1,55.38461538461538
35.0,55.38461538461538
34.9,55.38461538461538
34.8,55.38461538461538
34.7,55.38461538461538
34.6,55.38461538461538
34.5,55.38461538461538
34.4,55.38461538461538
34.3,55.38461538461538
34.2,55.38461538461538
34.1,55.38461538461538
34.0,55.38461538461538
33.9,55.38461538461538
33.8,55.38461538461538
33.7,55.38461538461538
33.6,55.38461538461538
33.5,55.38461538461538
33.4,55.38461538461538
33.3,55.38461538461538
33.2,55.38461538461538
33.1,55.38461538461538
33.0,55.38461538461538
32.9,55.38461538461538
32.8,55.38461538461538
32.7,55.38461538461538
32.6,55.38461538461538
32.5,55.38461538461538
32.4,55.38461538461538
32.3,55.38461538461538
32.2,55.38461538461538
32.1,55.38461538461538
32.0,55.38461538461538
31.9,55.38461538461538
31.8,55.38461538461538
31.7,55.38461538461538
31.6,55.38461538461538
31.5,55.38461538461538
31.4,55.38461538461538
31.3,55.38461538461538
31.2,55.38461538461538
31.1,55.38461538461538
31.0,55.38461538461538
30.9,55.38461538461538
30.8,55.38461538461538
30.7,55.38461538461538
30.6,55.38461538461538
30.5,55.38461538461538
30.4,55.38461538461538
30.3,55.38461538461538
30.2,55.38461538461538
30.1,55.38461538461538
30.0,55.38461538461538
29.9,55.38461538461538
29.8,55.38461538461538
29.7,55.38461538461538
29.6,55.38461538461538
29.5,55.38461538461538
29.4,55.38461538461538
29.3,55.38461538461538
29.2,55.38461538461538
29.1,55.38461538461538
29.0,55.38461538461538
28.9,55.38461538461538
28.8,55.38461538461538
28.7,55.38461538461538
28.6,55.38461538461538
28.5,55.38461538461538
28.4,55.38461538461538
28.3,55.38461538461538
28.2,55.38461538461538
28.1,55.38461538461538
28.0,55.38461538461538
27.9,55.38461538461538
27.8,55.38461538461538
27.7,55.38461538461538
27.6,55.38461538461538
27.5,55.38461538461538
27.4,55.38461538461538
27.3,55.38461538461538
27.2,55.38461538461538
27.1,55.38461538461538
27.0,55.38461538461538
26.9,55.38461538461538
26.8,55.38461538461538
26.7,55.38461538461538
26.6,55.38461538461538
26.5,55.38461538461538
26.4,55.38461538461538
26.3,55.38461538461538
26.2,55.38461538461538
26.1,55.38461538461538
26.0,55.38461538461538
25.9,55.38461538461538
25.8,55.38461538461538
25.7,55.38461538461538
25.6,55.38461538461538
25.5,55.38461538461538
25.4,55.38461538461538
25.3,55.38461538461538
25.2,55.38461538461538
25.1,55.38461538461538
25.0,55.38461538461538
24.9,55.38461538461538
24.8,55.38461538461538
24.7,55.38461538461538
24.6,55.38461538461538
24.5,55.38461538461538
24.4,55.38461538461538
24.3,55.38461538461538
24.2,55.38461538461538
24.1,55.38461538461538
24.0,55.38461538461538
23.9,55.38461538461538
23.8,55.38461538461538
23.7,55.38461538461538
23.6,55.38461538461538
23.5,55.38461538461538
23.4,55.38461538461538
23.3,55.38461538461538
23.2,55.38461538461538
23.1,55.38461538461538
23.0,55.38461538461538
22.9,55.38461538461538
22.8,55.38461538461538
22.7,55.38461538461538
22.6,55.38461538461538
22.5,55.38461538461538
22.4,55.38461538461538
22.3,55.38461538461538
22.2,55.38461538461538
22.1,55.38461538461538
22.0,55.38461538461538
21.9,55.38461538461538
21.8,55.38461538461538
21.7,55.38461538461538
21.6,55.38461538461538
21.5,55.38461538461538
21.4,55.38461538461538
21.3,55.38461538461538
21.2,55.38461538461538
21.1,55.38461538461538
21.0,55.38461538461538
20.9,55.38461538461538
20.8,55.38461538461538
20.7,55.38461538461538
20.6,55.38461538461538
20.5,55.38461538461538
20.4,55.38461538461538
20.3,55.38461538461538
20.2,55.38461538461538
20.1,55.38461538461538
20.0,55.38461538461538
19.9,55.38461538461538
19.8,55.38461538461538
19.7,55.38461538461538
19.6,55.38461538461538
19.5,55.38461538461538
19.4,55.38461538461538
19.3,55.38461538461538
19.2,55.38461538461538
19.1,55.38461538461538
19.0,55.38461538461538
18.9,55.38461538461538
18.8,55.38461538461538
18.7,55.38461538461538
18.6,55.38461538461538
18.5,55.38461538461538
18.4,55.38461538461538
18.3,55.38461538461538
18.2,55.38461538461538
18.1,55.38461538461538
18.0,55.38461538461538
17.9,55.38461538461538
17.8,55.38461538461538
17.7,55.38461538461538
17.6,55.38461538461538
17.5,55.38461538461538
17.4,55.38461538461538
17.3,55.38461538461538
17.2,55.38461538461538
17.1,55.38461538461538
17.0,55.38461538461538
16.9,55.38461538461538
16.8,55.38461538461538
16.7,55.38461538461538
16.6,55.38461538461538
16.5,55.38461538461538
16.4,55.38461538461538
16.3,55.38461538461538
16.2,55.38461538461538
16.1,55.38461538461538
16.0,55.38461538461538
15.899999999999999,55.38461538461538
15.8,55.38461538461538
15.7,55.38461538461538
15.6,55.38461538461538
15.5,55.38461538461538
15.399999999999999,55.38461538461538
15.3,55.38461538461538
15.2,55.38461538461538
15.1,55.38461538461538
15.0,55.38461538461538
14.9,55.38461538461538
14.8,55.38461538461538
14.7,55.38461538461538
14.6,55.38461538461538
14.5,55.38461538461538
14.4,55.38461538461538
14.3,55.38461538461538
14.2,55.38461538461538
14.1,55.38461538461538
14.0,55.38461538461538
13.9,55.38461538461538
13.8,55.38461538461538
13.7,55.38461538461538
13.6,55.38461538461538
13.5,55.38461538461538
13.4,55.38461538461538
13.3,55.38461538461538
13.2,55.38461538461538
13.1,55.38461538461538
13.0,55.38461538461538
12.9,55.38461538461538
12.8,55.38461538461538
12.7,55.38461538461538
12.6,55.38461538461538
12.5,55.38461538461538
12.4,55.38461538461538
12.3,55.38461538461538
12.2,55.38461538461538
12.1,55.38461538461538
12.0,55.38461538461538
11.9,55.38461538461538
11.8,55.38461538461538
11.7,55.38461538461538
11.6,55.38461538461538
11.5,55.38461538461538
11.4,55.38461538461538
11.3,55.38461538461538
11.2,55.38461538461538
11.1,55.38461538461538
11.0,55.38461538461538
10.899999999999999,55.38461538461538
10.8,55.38461538461538
10.7,55.38461538461538
10.6,55.38461538461538
10.5,55.38461538461538
10.399999999999999,55.38461538461538
10.3,55.38461538461538
10.2,55.38461538461538
10.1,55.38461538461538
10.0,55.38461538461538
9.9,55.38461538461538
9.8,55.38461538461538
9.7,55.38461538461538
9.6,55.38461538461538
9.5,55.38461538461538
9.4,55.38461538461538
9.3,55.38461538461538
9.2,55.38461538461538
9.1,55.38461538461538
9.0,55.38461538461538
8.9,55.38461538461538
8.8,55.38461538461538
8.7,55.38461538461538
8.6,55.38461538461538
8.5,55.38461538461538
8.4,55.38461538461538
8.3,55.38461538461538
8.2,55.38461538461538
8.1,55.38461538461538
8.0,55.38461538461538
7.9,55.38461538461538
7.8,55.38461538461538
7.699999999999999,55.38461538461538
7.6,55.38461538461538
7.5,55.38461538461538
7.4,55.38461538461538
7.3,55.38461538461538
7.199999999999999,55.38461538461538
7.1,55.38461538461538
7.0,55.38461538461538
6.9,55.38461538461538
6.8,55.38461538461538
6.699999999999999,55.38461538461538
6.6,55.38461538461538
6.5,55.38461538461538
6.4,55.38461538461538
6.3,55.38461538461538
6.2,55.38461538461538
6.1,55.38461538461538
6.0,55.38461538461538
5.8999999999999995,55.38461538461538
5.8,55.38461538461538
5.7,55.38461538461538
5.6,55.38461538461538
5.5,55.38461538461538
5.3999999999999995,55.38461538461538
5.3,55.38461538461538
5.199999999999999,55.38461538461538
5.1,55.38461538461538
5.0,55.38461538461538
4.9,55.38461538461538
4.8,55.38461538461538
4.7,55.38461538461538
4.6,55.38461538461538
4.5,55.38461538461538
4.4,55.38461538461538
4.3,55.38461538461538
4.2,55.38461538461538
4.1,55.38461538461538
4.0,55.38461538461538
3.9,55.38461538461538
3.8,55.38461538461538
3.7,55.38461538461538
3.5999999999999996,55.38461538461538
3.5,55.38461538461538
3.4,55.38461538461538
3.3,55.38461538461538
3.2,55.38461538461538
3.1,55.38461538461538
3.0,55.38461538461538
2.9,55.38461538461538
2.8,55.38461538461538
2.6999999999999997,55.38461538461538
2.5999999999999996,55.38461538461538
2.5,55.38461538461538
2.4,55.38461538461538
2.3,55.38461538461538
2.1999999999999997,55.38461538461538
2.0999999999999996,55.38461538461538
2.0,55.38461538461538
1.9,55.38461538461538
1.7999999999999998,55.38461538461538
1.6999999999999997,55.38461538461538
1.5999999999999996,55.38461538461538
1.5,55.38461538461538
1.4000000000000004,55.38461538461538
1.2999999999999998,55.38461538461538
1.2000000000000002,55.38461538461538
1.0999999999999996,55.38461538461538
1.0,55.38461538461538
0.8999999999999995,55.38461538461538
0.7999999999999998,55.38461538461538
0.7000000000000002,55.38461538461538
0.5999999999999996,55.38461538461538
0.5,55.38461538461538
0.39999999999999947,55.38461538461538
0.2999999999999998,55.38461538461538
0.1999999999999993,55.38461538461538
0.09999999999999964,55.38461538461538
0.0,55.38461538461538
